{
    "TotalCaptureTime_sec": 23.6203510761261,
    "ProcessedFrames": 344,
    "DroppedFrames": 0,
    "FrameRate_fps": 14.56371240593848,
    "DropRate_percent": 0.0,
    "BlinkMetrics": {
        "BlinkCount": 8,
        "BlinkRate_per_min": 20.321459171076953
    },
    "SaccadeMetrics": {
        "SaccadeCount": 7,
        "SaccadeFrequency_per_min": 17.78127677469233,
        "AverageSaccadeAmplitude_pixels": 4.015902640278595,
        "MaxSaccadeAmplitude_pixels": 6.690126069159331,
        "MinSaccadeAmplitude_pixels": 1.3629001548578048
    },
    "FixationMetrics": {
        "FixationCount": 8,
        "AverageFixationDuration_sec": 2.998589740859138,
        "MaxFixationDuration_sec": 12.80571961402893,
        "MinFixationDuration_sec": 0.25580501556396484,
        "FixationFrequency_per_min": 20.321459171076953
    },
    "GazeMetrics": {
        "LastGazeDirection": "Center",
        "IrisInfo": {
            "left_iris_center": {
                "x": 301.5623893737793,
                "y": 132.70903301239014
            },
            "right_iris_center": {
                "x": 365.3897476196289,
                "y": 128.6969976425171
            }
        }
    },
    "Parameters": {
        "EAR_THRESHOLD": 0.2,
        "SACCADE_THRESHOLD": 10,
        "EAR_CONSEC_FRAMES": 2,
        "SACCADE_MIN_DURATION": 0.02,
        "FIXATION_MIN_DURATION": 0.1
    }
}